{"cameraMode":{"drawMode":0,"name":"Shaded","section":"Shading Mode"},"sceneLighting":true,"audioPlay":false,"sceneViewState":{"m_AlwaysRefresh":false,"showFog":true,"showSkybox":true,"showFlares":true,"showImageEffects":true,"showParticleSystems":true,"showVisualEffectGraphs":true,"m_FxEnabled":true},"in2DMode":false,"pivot":{"x":5.723381996154785,"y":-2.8578109741210939,"z":-5.611332893371582},"rotation":{"x":-0.5772157907485962,"y":-0.0007374249398708344,"z":0.0005210937815718353,"w":-0.8166000843048096},"size":23.033283233642579,"orthographic":false}