{"cameraMode":{"drawMode":0,"name":"Shaded","section":"Shading Mode"},"sceneLighting":true,"audioPlay":false,"sceneViewState":{"m_AlwaysRefresh":false,"showFog":true,"showSkybox":true,"showFlares":true,"showImageEffects":true,"showParticleSystems":true,"showVisualEffectGraphs":true,"m_FxEnabled":true},"in2DMode":false,"pivot":{"x":497.0104064941406,"y":212.81304931640626,"z":-102.71626281738281},"rotation":{"x":0.07523521780967713,"y":-0.010475334711372853,"z":0.0007793306140229106,"w":0.997125506401062},"size":57.10697937011719,"orthographic":false}