{"cameraMode":{"drawMode":0,"name":"Shaded","section":"Shading Mode"},"sceneLighting":true,"audioPlay":false,"sceneViewState":{"m_AlwaysRefresh":false,"showFog":true,"showSkybox":true,"showFlares":true,"showImageEffects":true,"showParticleSystems":true,"showVisualEffectGraphs":true,"m_FxEnabled":true},"in2DMode":false,"pivot":{"x":336.2462158203125,"y":151.83126831054688,"z":485.46527099609377},"rotation":{"x":0.03123239427804947,"y":-0.18926364183425904,"z":0.006006425712257624,"w":0.9814364314079285},"size":408.0580749511719,"orthographic":false}